{
  "data": {
    "currentBalance": 232230,
    "availableBalance": 230000,
    "blockedBalance": 2230,
    "currency": "KZT",
    "creditLine": [
      {
        "included": false,
        "type": "PRE_AGREED",
        "amount": {
          "amount": 23866,
          "currency": "KZT"
        }
      },
      {
        "included": true,
        "type": "AVAILABLE",
        "amount": {
          "amount": 81874,
          "currency": "KZT"
        }
      },
      {
        "included": true,
        "type": "AVAILABLE",
        "amount": {
          "amount": 97398,
          "currency": "KZT"
        }
      },
      {
        "included": false,
        "type": "AVAILABLE",
        "amount": {
          "amount": 30577,
          "currency": "KZT"
        }
      },
      {
        "included": false,
        "type": "AVAILABLE",
        "amount": {
          "amount": 79499,
          "currency": "KZT"
        }
      }
    ],
    "purses": [
      {
        "amount": 87755,
        "currency": "KZT"
      },
      {
        "amount": 37069,
        "currency": "USD"
      },
      {
        "amount": 62676,
        "currency": "KZT"
      }
    ],
    "accounts": [
      {
        "bankName": "Банк Центр Кредит",
        "currentBalance": 30000,
        "availableBalance": 0,
        "blockedBalance": 0,
        "currency": "KZT"

      },
      {
        "bankName": "Отбасы Банк",
        "currentBalance": 40000,
        "availableBalance": 0,
        "blockedBalance": 0,
        "currency": "KZT"
      },
      {
        "bankName": "AO 'Bank RBK'",
        "currentBalance": 100000,
        "availableBalance": 0,
        "blockedBalance": 0,
        "currency": "KZT"

      },
      {
        "bankName": "AO 'Home Credit Bank'",
        "currentBalance": 60000,
        "availableBalance": 0,
        "blockedBalance": 0,
        "currency": "KZT"

      }
    ]
  }
}
